threshold,far,frr,tar,trr
0.998285,1.000000,0.000000,1.000000,0.000000
0.998564,0.997917,0.000000,1.000000,0.002083
0.998812,0.895833,0.125000,0.875000,0.104167
0.998942,0.892708,0.125000,0.875000,0.107292
0.998963,0.880208,0.125000,0.875000,0.119792
0.999065,0.722917,0.250000,0.750000,0.277083
1.000000,0.696875,0.281250,0.718750,0.303125
