threshold,far,frr,tar,trr
0.999470,1.000000,0.000000,1.000000,0.000000
0.999487,0.955208,0.000000,1.000000,0.044792
0.999599,0.931250,0.000000,1.000000,0.068750
0.999603,0.872917,0.062500,0.937500,0.127083
0.999665,0.562500,0.406250,0.593750,0.437500
0.999723,0.466667,0.531250,0.468750,0.533333
1.000000,0.459375,0.562500,0.437500,0.540625
