threshold,far,frr,tar,trr
0.998608,1.000000,0.000000,1.000000,0.000000
0.998782,0.997917,0.000000,1.000000,0.002083
0.999397,0.968750,0.031250,0.968750,0.031250
1.000000,0.854167,0.156250,0.843750,0.145833
