threshold,far,frr,tar,trr
0.999697,1.000000,0.000000,1.000000,0.000000
0.999725,0.970833,0.031250,0.968750,0.029167
0.999761,0.856250,0.156250,0.843750,0.143750
1.000000,0.854167,0.156250,0.843750,0.145833
