threshold,far,frr,tar,trr
0.999585,1.000000,0.000000,1.000000,0.000000
0.999656,0.996875,0.000000,1.000000,0.003125
0.999717,0.968750,0.031250,0.968750,0.031250
1.000000,0.769792,0.125000,0.875000,0.230208
