threshold,far,frr,tar,trr
1.000000,1.000000,0.000000,1.000000,0.000000
