threshold,far,frr,tar,trr
0.999356,1.000000,0.000000,1.000000,0.000000
1.000000,0.910417,0.093750,0.906250,0.089583
