threshold,far,frr,tar,trr
0.999779,1.000000,0.000000,1.000000,0.000000
1.000000,0.506250,0.468750,0.531250,0.493750
